{"10": [0.8848151848151848, 0.8745254745254746, 0.8829170829170829, 0.8828171828171828, 0.8809190809190809, 0.882017982017982, 0.8792207792207792, 0.8865134865134865, 0.875924075924076, 0.8830169830169831, 0.8893106893106894, 0.8859140859140859, 0.8803196803196803, 0.8871128871128872, 0.881018981018981, 0.888011988011988, 0.8773226773226773, 0.8743256743256743, 0.8833166833166833, 0.8834165834165835], "20": [0.8823176823176824, 0.8805194805194805, 0.8856143856143857, 0.8911088911088911, 0.8872127872127872, 0.8863136863136863, 0.8893106893106894, 0.8854145854145854, 0.885014985014985, 0.8824175824175824, 0.8901098901098901, 0.8862137862137862, 0.8829170829170829, 0.8834165834165835, 0.8837162837162837, 0.8839160839160839, 0.8862137862137862, 0.8828171828171828, 0.8817182817182817, 0.8837162837162837], "30": [0.8882117882117883, 0.882017982017982, 0.8831168831168831, 0.8889110889110889, 0.8864135864135864, 0.8876123876123876, 0.8845154845154846, 0.8811188811188811, 0.8922077922077922, 0.8893106893106894, 0.8894105894105894, 0.8886113886113887, 0.8907092907092907, 0.8857142857142857, 0.889010989010989, 0.8792207792207792, 0.887012987012987, 0.8835164835164835, 0.8883116883116883, 0.884015984015984], "40": [0.8893106893106894, 0.8918081918081918, 0.888011988011988, 0.8913086913086913, 0.8879120879120879, 0.888011988011988, 0.8885114885114885, 0.8861138861138861, 0.8877122877122877, 0.8903096903096903, 0.8902097902097902, 0.8885114885114885, 0.8913086913086913, 0.8903096903096903, 0.8843156843156843, 0.8881118881118881, 0.8875124875124875, 0.8898101898101898, 0.8887112887112887, 0.8892107892107892], "50": [0.8857142857142857, 0.8861138861138861, 0.8834165834165835, 0.8952047952047952, 0.8908091908091909, 0.8894105894105894, 0.8903096903096903, 0.892007992007992, 0.8894105894105894, 0.8912087912087913, 0.8908091908091909, 0.8863136863136863, 0.8906093906093906, 0.893006993006993, 0.8928071928071928, 0.8923076923076924, 0.8883116883116883, 0.888011988011988, 0.8879120879120879, 0.8901098901098901], "60": [0.8868131868131868, 0.8931068931068931, 0.8948051948051948, 0.8868131868131868, 0.8937062937062937, 0.8912087912087913, 0.8892107892107892, 0.8852147852147852, 0.8875124875124875, 0.8886113886113887, 0.8866133866133866, 0.888011988011988, 0.8913086913086913, 0.8929070929070929, 0.8916083916083916, 0.8883116883116883, 0.8891108891108891, 0.8904095904095904, 0.8932067932067932, 0.8852147852147852], "70": [0.8946053946053946, 0.8888111888111888, 0.8841158841158842, 0.8873126873126873, 0.8924075924075924, 0.8913086913086913, 0.8848151848151848, 0.8872127872127872, 0.8886113886113887, 0.894005994005994, 0.8901098901098901, 0.89000999000999, 0.89000999000999, 0.8878121878121878, 0.8925074925074925, 0.8926073926073926, 0.8907092907092907, 0.8891108891108891, 0.889010989010989, 0.891008991008991], "80": [0.8888111888111888, 0.8926073926073926, 0.894005994005994, 0.8876123876123876, 0.8945054945054945, 0.8881118881118881, 0.8912087912087913, 0.8824175824175824, 0.8836163836163836, 0.8942057942057942, 0.8893106893106894, 0.8907092907092907, 0.8863136863136863, 0.8921078921078921, 0.8897102897102898, 0.8858141858141858, 0.892007992007992, 0.8889110889110889, 0.8923076923076924, 0.8965034965034965], "90": [0.8921078921078921, 0.8899100899100899, 0.8941058941058941, 0.8895104895104895, 0.8857142857142857, 0.8898101898101898, 0.8917082917082917, 0.8885114885114885, 0.8904095904095904, 0.8899100899100899, 0.8889110889110889, 0.8891108891108891, 0.8903096903096903, 0.8956043956043956, 0.8875124875124875, 0.8902097902097902, 0.8843156843156843, 0.8907092907092907, 0.8913086913086913, 0.8903096903096903], "100": [0.8834165834165835, 0.8893106893106894, 0.8898101898101898, 0.891008991008991, 0.8935064935064935, 0.8921078921078921, 0.8888111888111888, 0.8922077922077922, 0.8873126873126873, 0.8874125874125874, 0.8943056943056943, 0.8884115884115884, 0.8879120879120879, 0.8922077922077922, 0.8924075924075924, 0.8867132867132868, 0.892007992007992, 0.8898101898101898, 0.8875124875124875, 0.8905094905094905], "110": [0.8869130869130869, 0.8847152847152847, 0.8871128871128872, 0.8881118881118881, 0.8877122877122877, 0.8876123876123876, 0.8964035964035965, 0.8897102897102898, 0.8895104895104895, 0.894005994005994, 0.8916083916083916, 0.8936063936063936, 0.8978021978021978, 0.8849150849150849, 0.8879120879120879, 0.884015984015984, 0.8895104895104895, 0.8926073926073926, 0.8861138861138861, 0.8861138861138861], "120": [0.8925074925074925, 0.8887112887112887, 0.8951048951048951, 0.8966033966033966, 0.8914085914085914, 0.8943056943056943, 0.8895104895104895, 0.8913086913086913, 0.8985014985014985, 0.888011988011988, 0.8908091908091909, 0.8888111888111888, 0.8874125874125874, 0.8884115884115884, 0.8904095904095904, 0.8927072927072927, 0.8966033966033966, 0.8859140859140859, 0.8885114885114885, 0.8912087912087913], "130": [0.8865134865134865, 0.8811188811188811, 0.8936063936063936, 0.8935064935064935, 0.8912087912087913, 0.8933066933066933, 0.8922077922077922, 0.8866133866133866, 0.8916083916083916, 0.8942057942057942, 0.8912087912087913, 0.8894105894105894, 0.8971028971028971, 0.8873126873126873, 0.8904095904095904, 0.8922077922077922, 0.887012987012987, 0.8937062937062937, 0.8961038961038961, 0.8925074925074925], "140": [0.89000999000999, 0.8932067932067932, 0.895004995004995, 0.891008991008991, 0.8943056943056943, 0.891908091908092, 0.891008991008991, 0.8896103896103896, 0.8891108891108891, 0.8954045954045954, 0.8861138861138861, 0.891008991008991, 0.8921078921078921, 0.8908091908091909, 0.896003996003996, 0.8892107892107892, 0.8941058941058941, 0.8914085914085914, 0.8921078921078921, 0.8879120879120879]}